--
-- PostgreSQL database dump
--

-- Dumped from database version 12.1 (Debian 12.1-1.pgdg100+1)
-- Dumped by pg_dump version 12.1 (Debian 12.1-1.pgdg100+1)

SET statement_timeout = 0;
SET lock_timeout = 0;
SET idle_in_transaction_session_timeout = 0;
SET client_encoding = 'UTF8';
SET standard_conforming_strings = on;
SELECT pg_catalog.set_config('search_path', '', false);
SET check_function_bodies = false;
SET xmloption = content;
SET client_min_messages = warning;
SET row_security = off;

SET default_tablespace = '';

SET default_table_access_method = heap;

--
-- Name: intervention; Type: TABLE; Schema: public; Owner: postgres
--

CREATE TABLE public.intervention (
    id integer NOT NULL,
    sensor_id smallint NOT NULL,
    truck_id smallint NOT NULL,
    beginning timestamp with time zone NOT NULL,
    ending timestamp with time zone
);


ALTER TABLE public.intervention OWNER TO postgres;

--
-- Name: intervention_id_seq; Type: SEQUENCE; Schema: public; Owner: postgres
--

CREATE SEQUENCE public.intervention_id_seq
    AS integer
    START WITH 1
    INCREMENT BY 1
    NO MINVALUE
    NO MAXVALUE
    CACHE 1;


ALTER TABLE public.intervention_id_seq OWNER TO postgres;

--
-- Name: intervention_id_seq; Type: SEQUENCE OWNED BY; Schema: public; Owner: postgres
--

ALTER SEQUENCE public.intervention_id_seq OWNED BY public.intervention.id;


--
-- Name: sensor; Type: TABLE; Schema: public; Owner: postgres
--

CREATE TABLE public.sensor (
    id smallint NOT NULL,
    label character varying NOT NULL,
    lat numeric(10,6) NOT NULL,
    lon numeric(10,6) NOT NULL
);


ALTER TABLE public.sensor OWNER TO postgres;

--
-- Name: sensor_id_seq; Type: SEQUENCE; Schema: public; Owner: postgres
--

CREATE SEQUENCE public.sensor_id_seq
    AS smallint
    START WITH 1
    INCREMENT BY 1
    NO MINVALUE
    NO MAXVALUE
    CACHE 1;


ALTER TABLE public.sensor_id_seq OWNER TO postgres;

--
-- Name: sensor_id_seq; Type: SEQUENCE OWNED BY; Schema: public; Owner: postgres
--

ALTER SEQUENCE public.sensor_id_seq OWNED BY public.sensor.id;


--
-- Name: station; Type: TABLE; Schema: public; Owner: postgres
--

CREATE TABLE public.station (
    id smallint NOT NULL,
    lat numeric(10,6) NOT NULL,
    lon numeric(10,6) NOT NULL
);


ALTER TABLE public.station OWNER TO postgres;

--
-- Name: station_id_seq; Type: SEQUENCE; Schema: public; Owner: postgres
--

CREATE SEQUENCE public.station_id_seq
    AS smallint
    START WITH 1
    INCREMENT BY 1
    NO MINVALUE
    NO MAXVALUE
    CACHE 1;


ALTER TABLE public.station_id_seq OWNER TO postgres;

--
-- Name: station_id_seq; Type: SEQUENCE OWNED BY; Schema: public; Owner: postgres
--

ALTER SEQUENCE public.station_id_seq OWNED BY public.station.id;


--
-- Name: truck; Type: TABLE; Schema: public; Owner: postgres
--

CREATE TABLE public.truck (
    id smallint NOT NULL,
    station_id smallint NOT NULL,
    capacity smallint NOT NULL
);


ALTER TABLE public.truck OWNER TO postgres;

--
-- Name: truck_id_seq; Type: SEQUENCE; Schema: public; Owner: postgres
--

CREATE SEQUENCE public.truck_id_seq
    AS smallint
    START WITH 1
    INCREMENT BY 1
    NO MINVALUE
    NO MAXVALUE
    CACHE 1;


ALTER TABLE public.truck_id_seq OWNER TO postgres;

--
-- Name: truck_id_seq; Type: SEQUENCE OWNED BY; Schema: public; Owner: postgres
--

ALTER SEQUENCE public.truck_id_seq OWNED BY public.truck.id;


--
-- Name: intervention id; Type: DEFAULT; Schema: public; Owner: postgres
--

ALTER TABLE ONLY public.intervention ALTER COLUMN id SET DEFAULT nextval('public.intervention_id_seq'::regclass);


--
-- Name: sensor id; Type: DEFAULT; Schema: public; Owner: postgres
--

ALTER TABLE ONLY public.sensor ALTER COLUMN id SET DEFAULT nextval('public.sensor_id_seq'::regclass);


--
-- Name: station id; Type: DEFAULT; Schema: public; Owner: postgres
--

ALTER TABLE ONLY public.station ALTER COLUMN id SET DEFAULT nextval('public.station_id_seq'::regclass);


--
-- Name: truck id; Type: DEFAULT; Schema: public; Owner: postgres
--

ALTER TABLE ONLY public.truck ALTER COLUMN id SET DEFAULT nextval('public.truck_id_seq'::regclass);


--
-- Data for Name: intervention; Type: TABLE DATA; Schema: public; Owner: postgres
--

COPY public.intervention (id, sensor_id, truck_id, beginning, ending) FROM stdin;
55	15	8	2020-01-10 12:52:02.65387+00	2020-01-10 12:52:04.564401+00
56	15	1	2020-01-10 12:52:02.665847+00	2020-01-10 12:52:04.564401+00
57	15	6	2020-01-10 12:52:02.679834+00	2020-01-10 12:52:04.564401+00
58	15	3	2020-01-10 12:52:02.688217+00	2020-01-10 12:52:04.564401+00
59	15	2	2020-01-10 12:52:02.694697+00	2020-01-10 12:52:04.564401+00
32	8	1	2020-01-09 15:32:44.055086+00	2020-01-09 15:38:04.450484+00
33	12	2	2020-01-09 15:33:03.114647+00	2020-01-09 15:38:04.450484+00
34	4	3	2020-01-09 15:33:50.381293+00	2020-01-09 15:38:04.450484+00
35	17	4	2020-01-09 15:34:13.959514+00	2020-01-09 15:38:04.450484+00
36	16	5	2020-01-09 15:34:47.565516+00	2020-01-09 15:38:04.450484+00
37	6	6	2020-01-09 15:35:25.155277+00	2020-01-09 15:38:04.450484+00
38	11	7	2020-01-09 15:36:10.360682+00	2020-01-09 15:38:04.450484+00
39	5	8	2020-01-09 15:36:24.420093+00	2020-01-09 15:38:04.450484+00
40	9	4	2020-01-09 15:37:21.609824+00	2020-01-09 15:38:04.450484+00
41	5	1	2020-01-09 15:38:31.361615+00	2020-01-09 15:40:47.212879+00
42	13	2	2020-01-09 15:39:01.014986+00	2020-01-09 15:40:47.212879+00
43	8	3	2020-01-09 15:40:44.934464+00	2020-01-09 15:40:47.212879+00
44	2	1	2020-01-09 15:45:00.391106+00	2020-01-09 15:45:05.159247+00
45	4	1	2020-01-09 16:15:30.074047+00	2020-01-09 16:16:20.877393+00
46	17	2	2020-01-09 16:16:02.380995+00	2020-01-09 16:16:20.877393+00
47	12	7	2020-01-10 12:48:43.483805+00	2020-01-10 12:49:19.101991+00
48	12	8	2020-01-10 12:48:43.526647+00	2020-01-10 12:49:19.101991+00
49	12	3	2020-01-10 12:48:43.532043+00	2020-01-10 12:49:19.101991+00
50	12	5	2020-01-10 12:48:43.538426+00	2020-01-10 12:49:19.101991+00
51	12	6	2020-01-10 12:48:43.545779+00	2020-01-10 12:49:19.101991+00
52	12	1	2020-01-10 12:48:43.552948+00	2020-01-10 12:49:19.101991+00
53	12	4	2020-01-10 12:48:43.563177+00	2020-01-10 12:49:19.101991+00
54	12	2	2020-01-10 12:48:43.571339+00	2020-01-10 12:49:19.101991+00
60	15	7	2020-01-10 12:52:02.701432+00	2020-01-10 12:52:04.564401+00
61	15	4	2020-01-10 12:52:02.707028+00	2020-01-10 12:52:04.564401+00
62	15	5	2020-01-10 12:52:02.71656+00	2020-01-10 12:52:04.564401+00
63	6	4	2020-01-10 12:54:23.027848+00	2020-01-10 13:02:09.402885+00
64	3	8	2020-01-10 12:54:38.573955+00	2020-01-10 13:02:09.402885+00
65	6	3	2020-01-10 12:54:57.130241+00	2020-01-10 13:02:09.402885+00
66	3	7	2020-01-10 12:55:04.15774+00	2020-01-10 13:02:09.402885+00
67	13	2	2020-01-10 12:55:09.172673+00	2020-01-10 13:02:09.402885+00
68	13	6	2020-01-10 12:55:26.207238+00	2020-01-10 13:02:09.402885+00
69	13	1	2020-01-10 12:55:43.245868+00	2020-01-10 13:02:09.402885+00
70	12	5	2020-01-10 12:55:51.258319+00	2020-01-10 13:02:09.402885+00
71	11	4	2020-01-10 13:18:51.692645+00	2020-01-10 13:32:08.364244+00
72	17	8	2020-01-10 13:19:03.199825+00	2020-01-10 13:32:08.364244+00
73	11	3	2020-01-10 13:19:08.716238+00	2020-01-10 13:32:08.364244+00
74	17	7	2020-01-10 13:19:20.252806+00	2020-01-10 13:32:08.364244+00
75	7	5	2020-01-10 13:19:49.316571+00	2020-01-10 13:32:08.364244+00
76	7	2	2020-01-10 13:19:49.323399+00	2020-01-10 13:32:08.364244+00
77	7	6	2020-01-10 13:19:57.840443+00	2020-01-10 13:32:08.364244+00
78	7	1	2020-01-10 13:20:06.368311+00	2020-01-10 13:32:08.364244+00
79	3	1	2020-01-10 13:23:54.2249+00	2020-01-10 13:32:08.364244+00
80	3	5	2020-01-10 13:23:56.2295+00	2020-01-10 13:32:08.364244+00
81	3	6	2020-01-10 13:23:56.238308+00	2020-01-10 13:32:08.364244+00
82	3	1	2020-01-10 13:23:56.24367+00	2020-01-10 13:32:08.364244+00
83	3	2	2020-01-10 13:23:56.248747+00	2020-01-10 13:32:08.364244+00
84	16	5	2020-01-10 13:23:56.254431+00	2020-01-10 13:32:08.364244+00
85	16	6	2020-01-10 13:23:56.259502+00	2020-01-10 13:32:08.364244+00
86	16	1	2020-01-10 13:23:56.264379+00	2020-01-10 13:32:08.364244+00
87	16	2	2020-01-10 13:23:56.269444+00	2020-01-10 13:32:08.364244+00
88	1	5	2020-01-10 13:23:56.274404+00	2020-01-10 13:32:08.364244+00
89	1	6	2020-01-10 13:23:56.279201+00	2020-01-10 13:32:08.364244+00
90	1	1	2020-01-10 13:23:56.283753+00	2020-01-10 13:32:08.364244+00
91	1	2	2020-01-10 13:23:56.288903+00	2020-01-10 13:32:08.364244+00
92	5	5	2020-01-10 13:23:56.293918+00	2020-01-10 13:32:08.364244+00
93	5	6	2020-01-10 13:23:56.298986+00	2020-01-10 13:32:08.364244+00
94	5	1	2020-01-10 13:23:56.304034+00	2020-01-10 13:32:08.364244+00
95	5	2	2020-01-10 13:23:56.308947+00	2020-01-10 13:32:08.364244+00
96	6	5	2020-01-10 13:23:56.313816+00	2020-01-10 13:32:08.364244+00
97	6	6	2020-01-10 13:23:56.318828+00	2020-01-10 13:32:08.364244+00
98	6	1	2020-01-10 13:23:56.324092+00	2020-01-10 13:32:08.364244+00
99	6	2	2020-01-10 13:23:56.328879+00	2020-01-10 13:32:08.364244+00
100	8	5	2020-01-10 13:23:56.33393+00	2020-01-10 13:32:08.364244+00
101	8	6	2020-01-10 13:23:56.339136+00	2020-01-10 13:32:08.364244+00
102	8	1	2020-01-10 13:23:56.344635+00	2020-01-10 13:32:08.364244+00
103	8	2	2020-01-10 13:23:56.349693+00	2020-01-10 13:32:08.364244+00
104	13	5	2020-01-10 13:23:56.354883+00	2020-01-10 13:32:08.364244+00
105	13	6	2020-01-10 13:23:56.359873+00	2020-01-10 13:32:08.364244+00
106	13	1	2020-01-10 13:23:56.365405+00	2020-01-10 13:32:08.364244+00
107	13	2	2020-01-10 13:23:56.370701+00	2020-01-10 13:32:08.364244+00
108	14	5	2020-01-10 13:23:56.375988+00	2020-01-10 13:32:08.364244+00
109	14	6	2020-01-10 13:23:56.381576+00	2020-01-10 13:32:08.364244+00
110	14	1	2020-01-10 13:23:56.386805+00	2020-01-10 13:32:08.364244+00
111	14	2	2020-01-10 13:23:56.391772+00	2020-01-10 13:32:08.364244+00
112	9	8	2020-01-10 13:25:17.839074+00	2020-01-10 13:32:08.364244+00
113	4	8	2020-01-10 13:25:17.845448+00	2020-01-10 13:32:08.364244+00
114	4	7	2020-01-10 13:25:17.852586+00	2020-01-10 13:32:08.364244+00
115	1	8	2020-01-10 13:25:17.863137+00	2020-01-10 13:32:08.364244+00
116	3	8	2020-01-10 13:25:17.868481+00	2020-01-10 13:32:08.364244+00
117	5	8	2020-01-10 13:25:17.874013+00	2020-01-10 13:32:08.364244+00
118	6	8	2020-01-10 13:25:17.885345+00	2020-01-10 13:32:08.364244+00
119	8	8	2020-01-10 13:25:17.890849+00	2020-01-10 13:32:08.364244+00
120	12	8	2020-01-10 13:25:17.896289+00	2020-01-10 13:32:08.364244+00
121	12	7	2020-01-10 13:25:17.903914+00	2020-01-10 13:32:08.364244+00
122	13	8	2020-01-10 13:25:17.909288+00	2020-01-10 13:32:08.364244+00
123	14	8	2020-01-10 13:25:17.914832+00	2020-01-10 13:32:08.364244+00
124	15	8	2020-01-10 13:25:17.927165+00	2020-01-10 13:32:08.364244+00
128	8	6	2020-01-10 13:55:15.462811+00	2020-01-10 13:57:18.902485+00
130	8	4	2020-01-10 13:55:15.480263+00	2020-01-10 13:57:18.902485+00
132	5	8	2020-01-10 13:55:39.675645+00	2020-01-10 13:57:18.902485+00
134	5	7	2020-01-10 13:56:05.141661+00	2020-01-10 13:57:18.902485+00
136	10	4	2020-01-10 13:57:34.479439+00	2020-01-10 13:58:04.96454+00
138	10	3	2020-01-10 13:57:55.804623+00	2020-01-10 13:58:04.96454+00
140	5	4	2020-01-10 13:58:19.636934+00	2020-01-10 13:58:38.096865+00
142	7	4	2020-01-10 13:59:14.428798+00	2020-01-10 13:59:30.565231+00
144	3	4	2020-01-10 14:26:11.883932+00	2020-01-10 14:28:37.84239+00
146	11	3	2020-01-10 14:26:31.734587+00	2020-01-10 14:28:37.84239+00
148	9	2	2020-01-10 14:26:51.748435+00	2020-01-10 14:28:37.84239+00
150	11	1	2020-01-10 14:27:03.607854+00	2020-01-10 14:28:37.84239+00
152	14	4	2020-01-10 14:29:07.765525+00	2020-01-10 14:30:35.474471+00
154	16	3	2020-01-10 14:29:51.902446+00	2020-01-10 14:30:35.474471+00
156	2	2	2020-01-10 14:30:23.715919+00	2020-01-10 14:30:35.474471+00
158	14	8	2020-01-10 14:31:08.547779+00	2020-01-10 14:49:54.409735+00
160	11	7	2020-01-10 14:31:59.160907+00	2020-01-10 14:49:54.409735+00
162	16	6	2020-01-10 14:32:06.990732+00	2020-01-10 14:49:54.409735+00
164	6	5	2020-01-10 14:32:22.028091+00	2020-01-10 14:49:54.409735+00
166	2	4	2020-01-10 14:33:38.677996+00	2020-01-10 14:49:54.409735+00
168	6	8	2020-01-10 14:33:38.688571+00	2020-01-10 14:49:54.409735+00
170	11	8	2020-01-10 14:33:38.699929+00	2020-01-10 14:49:54.409735+00
172	13	8	2020-01-10 14:35:58.266015+00	2020-01-10 14:49:54.409735+00
174	4	1	2020-01-10 14:35:58.860003+00	2020-01-10 14:49:54.409735+00
176	4	2	2020-01-10 14:35:58.89199+00	2020-01-10 14:49:54.409735+00
178	7	1	2020-01-10 14:35:58.902442+00	2020-01-10 14:49:54.409735+00
180	7	2	2020-01-10 14:35:58.913478+00	2020-01-10 14:49:54.409735+00
182	9	1	2020-01-10 14:35:58.924434+00	2020-01-10 14:49:54.409735+00
184	9	2	2020-01-10 14:35:58.935693+00	2020-01-10 14:49:54.409735+00
186	10	1	2020-01-10 14:35:58.946717+00	2020-01-10 14:49:54.409735+00
188	10	2	2020-01-10 14:35:58.957992+00	2020-01-10 14:49:54.409735+00
190	1	8	2020-01-10 14:38:00.397288+00	2020-01-10 14:49:54.409735+00
192	17	8	2020-01-10 14:38:00.408727+00	2020-01-10 14:49:54.409735+00
194	17	6	2020-01-10 14:38:00.42023+00	2020-01-10 14:49:54.409735+00
196	3	8	2020-01-10 14:38:00.432808+00	2020-01-10 14:49:54.409735+00
198	3	6	2020-01-10 14:38:00.447327+00	2020-01-10 14:49:54.409735+00
200	13	8	2020-01-10 14:38:00.458808+00	2020-01-10 14:49:54.409735+00
202	1	4	2020-01-10 14:50:06.80087+00	2020-01-10 14:52:23.648474+00
204	14	3	2020-01-10 14:50:40.235764+00	2020-01-10 14:52:23.648474+00
206	5	2	2020-01-10 14:51:05.774657+00	2020-01-10 14:52:23.648474+00
208	14	1	2020-01-10 14:51:28.048891+00	2020-01-10 14:52:23.648474+00
210	6	4	2020-01-10 14:52:36.130199+00	2020-01-10 14:57:55.493087+00
212	6	3	2020-01-10 14:53:03.44767+00	2020-01-10 14:57:55.493087+00
214	11	2	2020-01-10 14:53:21.53483+00	2020-01-10 14:57:55.493087+00
216	13	1	2020-01-10 14:53:38.999128+00	2020-01-10 14:57:55.493087+00
218	8	4	2020-01-10 14:58:08.826613+00	2020-01-10 14:59:27.175559+00
220	4	3	2020-01-10 14:58:38.731019+00	2020-01-10 14:59:27.175559+00
222	13	2	2020-01-10 14:59:07.851574+00	2020-01-10 14:59:27.175559+00
224	4	1	2020-01-10 14:59:23.096042+00	2020-01-10 14:59:27.175559+00
623	7	8	2020-01-11 14:25:04.232699+00	2020-01-11 14:25:39.181068+00
125	15	7	2020-01-10 13:25:17.932492+00	2020-01-10 13:32:08.364244+00
126	16	8	2020-01-10 13:25:17.938441+00	2020-01-10 13:32:08.364244+00
127	10	6	2020-01-10 13:27:05.037038+00	2020-01-10 13:32:08.364244+00
129	8	5	2020-01-10 13:55:15.473318+00	2020-01-10 13:57:18.902485+00
131	8	1	2020-01-10 13:55:15.488401+00	2020-01-10 13:57:18.902485+00
133	12	3	2020-01-10 13:56:00.196006+00	2020-01-10 13:57:18.902485+00
135	12	2	2020-01-10 13:56:25.672302+00	2020-01-10 13:57:18.902485+00
137	17	8	2020-01-10 13:57:54.256252+00	2020-01-10 13:58:04.96454+00
139	17	7	2020-01-10 13:58:04.728146+00	2020-01-10 13:58:04.96454+00
141	5	8	2020-01-10 13:58:29.265566+00	2020-01-10 13:58:38.096865+00
143	8	4	2020-01-10 14:00:04.629852+00	2020-01-10 14:00:19.550058+00
145	3	8	2020-01-10 14:26:23.063079+00	2020-01-10 14:28:37.84239+00
147	11	7	2020-01-10 14:26:40.750309+00	2020-01-10 14:28:37.84239+00
149	9	6	2020-01-10 14:27:01.444536+00	2020-01-10 14:28:37.84239+00
151	9	5	2020-01-10 14:27:15.270064+00	2020-01-10 14:28:37.84239+00
153	14	8	2020-01-10 14:29:14.61638+00	2020-01-10 14:30:35.474471+00
155	16	7	2020-01-10 14:30:16.61375+00	2020-01-10 14:30:35.474471+00
157	14	4	2020-01-10 14:30:58.278304+00	2020-01-10 14:49:54.409735+00
159	11	3	2020-01-10 14:31:35.285895+00	2020-01-10 14:49:54.409735+00
161	16	2	2020-01-10 14:32:00.167941+00	2020-01-10 14:49:54.409735+00
163	16	1	2020-01-10 14:32:20.624722+00	2020-01-10 14:49:54.409735+00
165	2	8	2020-01-10 14:33:38.672424+00	2020-01-10 14:49:54.409735+00
167	16	8	2020-01-10 14:33:38.68356+00	2020-01-10 14:49:54.409735+00
169	6	4	2020-01-10 14:33:38.693857+00	2020-01-10 14:49:54.409735+00
171	13	1	2020-01-10 14:35:58.250386+00	2020-01-10 14:49:54.409735+00
173	4	8	2020-01-10 14:35:58.851633+00	2020-01-10 14:49:54.409735+00
175	4	6	2020-01-10 14:35:58.872053+00	2020-01-10 14:49:54.409735+00
177	7	8	2020-01-10 14:35:58.897169+00	2020-01-10 14:49:54.409735+00
179	7	6	2020-01-10 14:35:58.90801+00	2020-01-10 14:49:54.409735+00
181	9	8	2020-01-10 14:35:58.918987+00	2020-01-10 14:49:54.409735+00
183	9	6	2020-01-10 14:35:58.929902+00	2020-01-10 14:49:54.409735+00
185	10	8	2020-01-10 14:35:58.941016+00	2020-01-10 14:49:54.409735+00
187	10	6	2020-01-10 14:35:58.952347+00	2020-01-10 14:49:54.409735+00
189	1	6	2020-01-10 14:37:58.964633+00	2020-01-10 14:49:54.409735+00
191	1	1	2020-01-10 14:38:00.403266+00	2020-01-10 14:49:54.409735+00
193	17	1	2020-01-10 14:38:00.414344+00	2020-01-10 14:49:54.409735+00
195	17	2	2020-01-10 14:38:00.426452+00	2020-01-10 14:49:54.409735+00
197	3	1	2020-01-10 14:38:00.43903+00	2020-01-10 14:49:54.409735+00
199	3	2	2020-01-10 14:38:00.453333+00	2020-01-10 14:49:54.409735+00
201	8	2	2020-01-10 14:38:47.748357+00	2020-01-10 14:49:54.409735+00
203	1	8	2020-01-10 14:50:17.0734+00	2020-01-10 14:52:23.648474+00
205	14	7	2020-01-10 14:50:57.330133+00	2020-01-10 14:52:23.648474+00
207	5	6	2020-01-10 14:51:22.831051+00	2020-01-10 14:52:23.648474+00
209	4	5	2020-01-10 14:51:32.870573+00	2020-01-10 14:52:23.648474+00
211	11	8	2020-01-10 14:52:54.195129+00	2020-01-10 14:57:55.493087+00
213	13	7	2020-01-10 14:53:11.69088+00	2020-01-10 14:57:55.493087+00
215	11	6	2020-01-10 14:53:35.189015+00	2020-01-10 14:57:55.493087+00
217	14	5	2020-01-10 14:53:42.612124+00	2020-01-10 14:57:55.493087+00
219	8	8	2020-01-10 14:58:32.703931+00	2020-01-10 14:59:27.175559+00
221	4	7	2020-01-10 14:58:55.806524+00	2020-01-10 14:59:27.175559+00
223	13	6	2020-01-10 14:59:14.6664+00	2020-01-10 14:59:27.175559+00
225	13	5	2020-01-10 14:59:24.901352+00	2020-01-10 14:59:27.175559+00
226	11	4	2020-01-10 14:59:40.851778+00	2020-01-10 15:11:27.040165+00
228	11	3	2020-01-10 15:00:08.180796+00	2020-01-10 15:11:27.040165+00
230	1	2	2020-01-10 15:00:23.229336+00	2020-01-10 15:11:27.040165+00
232	17	1	2020-01-10 15:00:40.102416+00	2020-01-10 15:11:27.040165+00
227	1	8	2020-01-10 14:59:55.893567+00	2020-01-10 15:11:27.040165+00
229	17	7	2020-01-10 15:00:12.789975+00	2020-01-10 15:11:27.040165+00
231	1	6	2020-01-10 15:00:36.891325+00	2020-01-10 15:11:27.040165+00
233	6	5	2020-01-10 15:00:44.715721+00	2020-01-10 15:11:27.040165+00
234	9	8	2020-01-10 15:04:56.42681+00	2020-01-10 15:11:27.040165+00
235	16	6	2020-01-10 15:04:56.432329+00	2020-01-10 15:11:27.040165+00
236	16	2	2020-01-10 15:04:56.43959+00	2020-01-10 15:11:27.040165+00
237	16	8	2020-01-10 15:04:56.445423+00	2020-01-10 15:11:27.040165+00
238	4	6	2020-01-10 15:04:56.45124+00	2020-01-10 15:11:27.040165+00
239	4	2	2020-01-10 15:04:56.456865+00	2020-01-10 15:11:27.040165+00
240	4	8	2020-01-10 15:04:56.462157+00	2020-01-10 15:11:27.040165+00
241	6	6	2020-01-10 15:04:56.46762+00	2020-01-10 15:11:27.040165+00
242	6	2	2020-01-10 15:04:56.472958+00	2020-01-10 15:11:27.040165+00
243	6	8	2020-01-10 15:04:56.478257+00	2020-01-10 15:11:27.040165+00
244	7	6	2020-01-10 15:04:56.484064+00	2020-01-10 15:11:27.040165+00
245	7	2	2020-01-10 15:04:56.48995+00	2020-01-10 15:11:27.040165+00
246	7	8	2020-01-10 15:04:56.495516+00	2020-01-10 15:11:27.040165+00
247	8	6	2020-01-10 15:04:56.500957+00	2020-01-10 15:11:27.040165+00
248	8	2	2020-01-10 15:04:56.506382+00	2020-01-10 15:11:27.040165+00
249	8	8	2020-01-10 15:04:56.511584+00	2020-01-10 15:11:27.040165+00
250	10	6	2020-01-10 15:04:56.517423+00	2020-01-10 15:11:27.040165+00
251	10	2	2020-01-10 15:04:56.523118+00	2020-01-10 15:11:27.040165+00
252	10	8	2020-01-10 15:04:56.528512+00	2020-01-10 15:11:27.040165+00
253	13	6	2020-01-10 15:04:56.533774+00	2020-01-10 15:11:27.040165+00
254	13	2	2020-01-10 15:04:56.539514+00	2020-01-10 15:11:27.040165+00
255	13	8	2020-01-10 15:04:56.545617+00	2020-01-10 15:11:27.040165+00
256	14	6	2020-01-10 15:04:56.550645+00	2020-01-10 15:11:27.040165+00
257	14	2	2020-01-10 15:04:56.557177+00	2020-01-10 15:11:27.040165+00
258	14	8	2020-01-10 15:04:56.5626+00	2020-01-10 15:11:27.040165+00
259	12	1	2020-01-10 15:05:19.094056+00	2020-01-10 15:11:27.040165+00
260	12	7	2020-01-10 15:05:20.094122+00	2020-01-10 15:11:27.040165+00
261	9	7	2020-01-10 15:05:20.106585+00	2020-01-10 15:11:27.040165+00
262	16	8	2020-01-10 15:11:44.866284+00	2020-01-10 15:18:21.496785+00
263	16	4	2020-01-10 15:12:12.163074+00	2020-01-10 15:18:21.496785+00
264	2	7	2020-01-10 15:12:19.59228+00	2020-01-10 15:18:21.496785+00
265	2	3	2020-01-10 15:12:40.079005+00	2020-01-10 15:18:21.496785+00
266	14	6	2020-01-10 15:12:59.557205+00	2020-01-10 15:18:21.496785+00
267	14	1	2020-01-10 15:12:59.564061+00	2020-01-10 15:18:21.496785+00
268	14	5	2020-01-10 15:12:59.569996+00	2020-01-10 15:18:21.496785+00
269	14	2	2020-01-10 15:13:06.372434+00	2020-01-10 15:18:21.496785+00
270	6	7	2020-01-10 15:14:56.52999+00	2020-01-10 15:18:21.496785+00
271	6	3	2020-01-10 15:14:56.536135+00	2020-01-10 15:18:21.496785+00
272	4	7	2020-01-10 15:14:56.541803+00	2020-01-10 15:18:21.496785+00
273	4	3	2020-01-10 15:14:56.547571+00	2020-01-10 15:18:21.496785+00
274	14	7	2020-01-10 15:14:56.556536+00	2020-01-10 15:18:21.496785+00
275	15	7	2020-01-10 15:14:56.573368+00	2020-01-10 15:18:21.496785+00
276	15	3	2020-01-10 15:14:56.587313+00	2020-01-10 15:18:21.496785+00
277	1	8	2020-01-10 15:15:23.208945+00	2020-01-10 15:18:21.496785+00
278	4	8	2020-01-10 15:15:23.214476+00	2020-01-10 15:18:21.496785+00
279	6	8	2020-01-10 15:15:23.221503+00	2020-01-10 15:18:21.496785+00
280	15	8	2020-01-10 15:15:23.226751+00	2020-01-10 15:18:21.496785+00
281	1	4	2020-01-10 15:15:37.251987+00	2020-01-10 15:18:21.496785+00
282	17	7	2020-01-10 15:15:57.509099+00	2020-01-10 15:18:21.496785+00
283	11	1	2020-01-10 15:17:18.174783+00	2020-01-10 15:18:21.496785+00
284	11	7	2020-01-10 15:17:18.761907+00	2020-01-10 15:18:21.496785+00
285	17	7	2020-01-10 15:17:18.768495+00	2020-01-10 15:18:21.496785+00
286	17	5	2020-01-10 15:17:18.773716+00	2020-01-10 15:18:21.496785+00
287	5	6	2020-01-10 15:17:18.779814+00	2020-01-10 15:18:21.496785+00
288	5	7	2020-01-10 15:17:18.785903+00	2020-01-10 15:18:21.496785+00
289	5	1	2020-01-10 15:17:18.791317+00	2020-01-10 15:18:21.496785+00
290	5	2	2020-01-10 15:17:18.796138+00	2020-01-10 15:18:21.496785+00
291	5	5	2020-01-10 15:17:18.801926+00	2020-01-10 15:18:21.496785+00
292	11	8	2020-01-10 15:17:35.212412+00	2020-01-10 15:18:21.496785+00
624	7	20	2020-01-11 14:25:04.24255+00	2020-01-11 14:25:39.181068+00
629	12	3	2020-01-11 14:27:27.779978+00	2020-01-11 14:47:16.516661+00
635	15	16	2020-01-11 14:30:40.202899+00	2020-01-11 14:47:16.516661+00
641	26	17	2020-01-11 14:32:40.590814+00	2020-01-11 14:47:16.516661+00
630	11	3	2020-01-11 14:28:18.804658+00	2020-01-11 14:47:16.516661+00
636	26	15	2020-01-11 14:31:11.42277+00	2020-01-11 14:47:16.516661+00
642	24	25	2020-01-11 14:32:58.359989+00	2020-01-11 14:47:16.516661+00
647	28	21	2020-01-11 14:34:53.162557+00	2020-01-11 14:47:16.516661+00
652	7	22	2020-01-11 14:37:15.621665+00	2020-01-11 14:47:16.516661+00
657	32	12	2020-01-11 14:38:39.22543+00	2020-01-11 14:47:16.516661+00
662	16	3	2020-01-11 14:39:54.291128+00	2020-01-11 14:47:16.516661+00
667	2	24	2020-01-11 14:40:26.228672+00	2020-01-11 14:47:16.516661+00
672	17	18	2020-01-11 14:41:27.331282+00	2020-01-11 14:47:16.516661+00
677	1	3	2020-01-11 14:43:03.978657+00	2020-01-11 14:47:16.516661+00
682	23	28	2020-01-11 14:45:30.329148+00	2020-01-11 14:47:16.516661+00
687	23	16	2020-01-11 14:46:38.8212+00	2020-01-11 14:47:16.516661+00
696	23	2	2020-01-11 14:48:03.909625+00	2020-01-11 14:56:16.730296+00
701	26	6	2020-01-11 14:49:44.680918+00	2020-01-11 14:56:16.730296+00
706	5	3	2020-01-11 14:51:15.606043+00	2020-01-11 14:56:16.730296+00
711	32	12	2020-01-11 14:52:36.529896+00	2020-01-11 14:56:16.730296+00
716	13	24	2020-01-11 14:53:07.352392+00	2020-01-11 14:56:16.730296+00
721	6	17	2020-01-11 14:54:32.051507+00	2020-01-11 14:56:16.730296+00
730	18	6	2020-01-11 15:00:12.867872+00	2020-01-11 15:10:03.037851+00
293	2	4	2020-01-10 15:18:33.350218+00	2020-01-10 15:28:41.817485+00
294	2	8	2020-01-10 15:18:50.450634+00	2020-01-10 15:28:41.817485+00
295	9	3	2020-01-10 15:19:19.17784+00	2020-01-10 15:28:41.817485+00
296	9	7	2020-01-10 15:19:36.26688+00	2020-01-10 15:28:41.817485+00
297	14	2	2020-01-10 15:19:47.502305+00	2020-01-10 15:28:41.817485+00
298	9	6	2020-01-10 15:20:03.573573+00	2020-01-10 15:28:41.817485+00
299	14	1	2020-01-10 15:20:04.567572+00	2020-01-10 15:28:41.817485+00
300	14	5	2020-01-10 15:20:11.395863+00	2020-01-10 15:28:41.817485+00
301	4	3	2020-01-10 15:20:53.959755+00	2020-01-10 15:28:41.817485+00
302	8	3	2020-01-10 15:20:54.854989+00	2020-01-10 15:28:41.817485+00
303	4	3	2020-01-10 15:20:54.868199+00	2020-01-10 15:28:41.817485+00
304	4	6	2020-01-10 15:20:54.874834+00	2020-01-10 15:28:41.817485+00
305	14	3	2020-01-10 15:20:54.882289+00	2020-01-10 15:28:41.817485+00
306	14	6	2020-01-10 15:20:54.888371+00	2020-01-10 15:28:41.817485+00
307	3	4	2020-01-10 15:21:27.487178+00	2020-01-10 15:28:41.817485+00
308	8	4	2020-01-10 15:21:27.492721+00	2020-01-10 15:28:41.817485+00
309	13	6	2020-01-10 15:22:20.819983+00	2020-01-10 15:28:41.817485+00
310	7	2	2020-01-10 15:23:51.71038+00	2020-01-10 15:28:41.817485+00
311	7	3	2020-01-10 15:23:53.117239+00	2020-01-10 15:28:41.817485+00
312	17	2	2020-01-10 15:23:53.124899+00	2020-01-10 15:28:41.817485+00
313	17	3	2020-01-10 15:23:53.130811+00	2020-01-10 15:28:41.817485+00
314	17	1	2020-01-10 15:23:53.140113+00	2020-01-10 15:28:41.817485+00
315	17	6	2020-01-10 15:23:53.145635+00	2020-01-10 15:28:41.817485+00
316	17	5	2020-01-10 15:23:53.152009+00	2020-01-10 15:28:41.817485+00
317	3	3	2020-01-10 15:23:53.167037+00	2020-01-10 15:28:41.817485+00
318	6	2	2020-01-10 15:23:53.182879+00	2020-01-10 15:28:41.817485+00
319	6	3	2020-01-10 15:23:53.187912+00	2020-01-10 15:28:41.817485+00
320	6	1	2020-01-10 15:23:53.19326+00	2020-01-10 15:28:41.817485+00
321	6	6	2020-01-10 15:23:53.198722+00	2020-01-10 15:28:41.817485+00
322	6	5	2020-01-10 15:23:53.203994+00	2020-01-10 15:28:41.817485+00
323	13	3	2020-01-10 15:23:53.209288+00	2020-01-10 15:28:41.817485+00
324	13	1	2020-01-10 15:23:53.216505+00	2020-01-10 15:28:41.817485+00
325	13	6	2020-01-10 15:23:53.221754+00	2020-01-10 15:28:41.817485+00
326	13	5	2020-01-10 15:23:53.228517+00	2020-01-10 15:28:41.817485+00
327	12	3	2020-01-10 15:26:16.408869+00	2020-01-10 15:28:41.817485+00
328	5	1	2020-01-10 15:27:12.970337+00	2020-01-10 15:28:41.817485+00
329	10	6	2020-01-10 15:27:13.974838+00	2020-01-10 15:28:41.817485+00
330	7	4	2020-01-10 15:28:58.441638+00	2020-01-10 15:40:16.145391+00
331	7	8	2020-01-10 15:29:12.085018+00	2020-01-10 15:40:16.145391+00
332	14	3	2020-01-10 15:29:40.80901+00	2020-01-10 15:40:16.145391+00
333	14	7	2020-01-10 15:29:54.461278+00	2020-01-10 15:40:16.145391+00
334	4	2	2020-01-10 15:30:16.331583+00	2020-01-10 15:40:16.145391+00
335	4	5	2020-01-10 15:30:16.34165+00	2020-01-10 15:40:16.145391+00
336	14	6	2020-01-10 15:30:21.744529+00	2020-01-10 15:40:16.145391+00
337	4	1	2020-01-10 15:30:23.150971+00	2020-01-10 15:40:16.145391+00
338	15	3	2020-01-10 15:31:29.98016+00	2020-01-10 15:40:16.145391+00
339	17	3	2020-01-10 15:31:29.987815+00	2020-01-10 15:40:16.145391+00
340	17	6	2020-01-10 15:31:29.993585+00	2020-01-10 15:40:16.145391+00
341	4	3	2020-01-10 15:31:29.999011+00	2020-01-10 15:40:16.145391+00
342	4	6	2020-01-10 15:31:30.004794+00	2020-01-10 15:40:16.145391+00
343	9	3	2020-01-10 15:31:30.010146+00	2020-01-10 15:40:16.145391+00
344	9	6	2020-01-10 15:31:30.015611+00	2020-01-10 15:40:16.145391+00
345	9	7	2020-01-10 15:31:30.02372+00	2020-01-10 15:40:16.145391+00
346	15	4	2020-01-10 15:31:42.204634+00	2020-01-10 15:40:16.145391+00
347	17	4	2020-01-10 15:31:42.21509+00	2020-01-10 15:40:16.145391+00
348	1	6	2020-01-10 15:32:08.274359+00	2020-01-10 15:40:16.145391+00
349	6	4	2020-01-10 15:33:33.276659+00	2020-01-10 15:40:16.145391+00
350	5	4	2020-01-10 15:33:33.286969+00	2020-01-10 15:40:16.145391+00
351	1	4	2020-01-10 15:33:33.29306+00	2020-01-10 15:40:16.145391+00
352	1	6	2020-01-10 15:33:33.298841+00	2020-01-10 15:40:16.145391+00
353	7	4	2020-01-10 15:33:33.310575+00	2020-01-10 15:40:16.145391+00
354	7	3	2020-01-10 15:33:33.317324+00	2020-01-10 15:40:16.145391+00
355	7	6	2020-01-10 15:33:33.324472+00	2020-01-10 15:40:16.145391+00
356	5	7	2020-01-10 15:33:58.165802+00	2020-01-10 15:40:16.145391+00
357	2	4	2020-01-10 15:34:32.03329+00	2020-01-10 15:40:16.145391+00
358	12	4	2020-01-10 15:35:07.132454+00	2020-01-10 15:40:16.145391+00
359	2	4	2020-01-10 15:35:07.13863+00	2020-01-10 15:40:16.145391+00
360	6	4	2020-01-10 15:35:07.144861+00	2020-01-10 15:40:16.145391+00
625	14	23	2020-01-11 14:25:34.015745+00	2020-01-11 14:25:39.181068+00
631	21	26	2020-01-11 14:29:11.452882+00	2020-01-11 14:47:16.516661+00
637	26	26	2020-01-11 14:31:40.686359+00	2020-01-11 14:47:16.516661+00
643	8	22	2020-01-11 14:33:24.88167+00	2020-01-11 14:47:16.516661+00
648	25	27	2020-01-11 14:35:34.072625+00	2020-01-11 14:47:16.516661+00
653	12	16	2020-01-11 14:37:46.400686+00	2020-01-11 14:47:16.516661+00
658	32	16	2020-01-11 14:39:04.584271+00	2020-01-11 14:47:16.516661+00
663	16	10	2020-01-11 14:40:01.891503+00	2020-01-11 14:47:16.516661+00
668	13	3	2020-01-11 14:40:59.58369+00	2020-01-11 14:47:16.516661+00
673	21	13	2020-01-11 14:42:10.122351+00	2020-01-11 14:47:16.516661+00
678	3	12	2020-01-11 14:43:35.436907+00	2020-01-11 14:47:16.516661+00
683	18	7	2020-01-11 14:45:56.81647+00	2020-01-11 14:47:16.516661+00
688	18	8	2020-01-11 14:46:41.154474+00	2020-01-11 14:47:16.516661+00
692	29	26	2020-01-11 14:47:29.542372+00	2020-01-11 14:56:16.730296+00
697	29	12	2020-01-11 14:48:06.68402+00	2020-01-11 14:56:16.730296+00
702	19	11	2020-01-11 14:50:15.145313+00	2020-01-11 14:56:16.730296+00
707	3	22	2020-01-11 14:51:29.510866+00	2020-01-11 14:56:16.730296+00
712	32	15	2020-01-11 14:52:56.17914+00	2020-01-11 14:56:16.730296+00
717	32	26	2020-01-11 14:53:22.434608+00	2020-01-11 14:56:16.730296+00
722	9	9	2020-01-11 14:55:04.473709+00	2020-01-11 14:56:16.730296+00
727	22	13	2020-01-11 14:55:49.976403+00	2020-01-11 14:56:16.730296+00
361	5	4	2020-01-10 15:40:28.901846+00	2020-01-10 15:51:40.311277+00
362	7	8	2020-01-10 15:40:53.239032+00	2020-01-10 15:51:40.311277+00
363	5	3	2020-01-10 15:41:06.511954+00	2020-01-10 15:51:40.311277+00
364	7	7	2020-01-10 15:41:06.912646+00	2020-01-10 15:51:40.311277+00
365	14	2	2020-01-10 15:41:18.569493+00	2020-01-10 15:51:40.311277+00
366	14	6	2020-01-10 15:41:28.817322+00	2020-01-10 15:51:40.311277+00
367	10	1	2020-01-10 15:41:45.06042+00	2020-01-10 15:51:40.311277+00
368	10	5	2020-01-10 15:41:45.069435+00	2020-01-10 15:51:40.311277+00
369	15	6	2020-01-10 15:45:34.42247+00	2020-01-10 15:51:40.311277+00
370	15	2	2020-01-10 15:45:34.430971+00	2020-01-10 15:51:40.311277+00
371	9	6	2020-01-10 15:45:34.436463+00	2020-01-10 15:51:40.311277+00
372	9	2	2020-01-10 15:45:34.442879+00	2020-01-10 15:51:40.311277+00
373	16	6	2020-01-10 15:45:34.448465+00	2020-01-10 15:51:40.311277+00
374	16	2	2020-01-10 15:45:34.454881+00	2020-01-10 15:51:40.311277+00
375	4	6	2020-01-10 15:45:34.460205+00	2020-01-10 15:51:40.311277+00
376	4	2	2020-01-10 15:45:34.465876+00	2020-01-10 15:51:40.311277+00
377	8	6	2020-01-10 15:45:34.472206+00	2020-01-10 15:51:40.311277+00
378	8	2	2020-01-10 15:45:34.477472+00	2020-01-10 15:51:40.311277+00
379	10	6	2020-01-10 15:45:34.483102+00	2020-01-10 15:51:40.311277+00
380	10	2	2020-01-10 15:45:34.488773+00	2020-01-10 15:51:40.311277+00
381	11	6	2020-01-10 15:45:34.494109+00	2020-01-10 15:51:40.311277+00
382	11	2	2020-01-10 15:45:34.500086+00	2020-01-10 15:51:40.311277+00
383	12	6	2020-01-10 15:45:34.506913+00	2020-01-10 15:51:40.311277+00
384	12	2	2020-01-10 15:45:34.512401+00	2020-01-10 15:51:40.311277+00
385	13	6	2020-01-10 15:45:34.51785+00	2020-01-10 15:51:40.311277+00
386	13	2	2020-01-10 15:45:34.523483+00	2020-01-10 15:51:40.311277+00
735	17	22	2020-01-11 15:02:06.565393+00	2020-01-11 15:10:03.037851+00
740	3	16	2020-01-11 15:04:58.407711+00	2020-01-11 15:10:03.037851+00
745	32	3	2020-01-11 15:07:20.389967+00	2020-01-11 15:10:03.037851+00
750	26	26	2020-01-11 15:09:01.748551+00	2020-01-11 15:10:03.037851+00
731	18	7	2020-01-11 15:00:12.874248+00	2020-01-11 15:10:03.037851+00
736	10	3	2020-01-11 15:03:05.684283+00	2020-01-11 15:10:03.037851+00
741	11	3	2020-01-11 15:05:28.792152+00	2020-01-11 15:10:03.037851+00
746	29	3	2020-01-11 15:08:04.385161+00	2020-01-11 15:10:03.037851+00
751	32	12	2020-01-11 15:09:16.001749+00	2020-01-11 15:10:03.037851+00
742	16	12	2020-01-11 15:05:50.292866+00	2020-01-11 15:10:03.037851+00
747	32	1	2020-01-11 15:08:30.128701+00	2020-01-11 15:10:03.037851+00
752	27	11	2020-01-11 15:09:31.103794+00	2020-01-11 15:10:03.037851+00
387	1	6	2020-01-10 15:46:28.180739+00	2020-01-10 15:51:40.311277+00
388	17	2	2020-01-10 15:46:28.186946+00	2020-01-10 15:51:40.311277+00
389	17	6	2020-01-10 15:46:28.194207+00	2020-01-10 15:51:40.311277+00
390	17	1	2020-01-10 15:46:28.206729+00	2020-01-10 15:51:40.311277+00
391	17	5	2020-01-10 15:46:28.222165+00	2020-01-10 15:51:40.311277+00
392	4	2	2020-01-10 15:46:28.227121+00	2020-01-10 15:51:40.311277+00
393	4	6	2020-01-10 15:46:28.232567+00	2020-01-10 15:51:40.311277+00
394	4	1	2020-01-10 15:46:28.2522+00	2020-01-10 15:51:40.311277+00
395	4	5	2020-01-10 15:46:28.272531+00	2020-01-10 15:51:40.311277+00
396	8	2	2020-01-10 15:46:28.280108+00	2020-01-10 15:51:40.311277+00
397	8	6	2020-01-10 15:46:28.306493+00	2020-01-10 15:51:40.311277+00
398	8	1	2020-01-10 15:46:28.315592+00	2020-01-10 15:51:40.311277+00
399	8	5	2020-01-10 15:46:28.322881+00	2020-01-10 15:51:40.311277+00
400	9	2	2020-01-10 15:46:28.330175+00	2020-01-10 15:51:40.311277+00
401	9	6	2020-01-10 15:46:28.339568+00	2020-01-10 15:51:40.311277+00
402	9	1	2020-01-10 15:46:28.351386+00	2020-01-10 15:51:40.311277+00
403	9	5	2020-01-10 15:46:28.35797+00	2020-01-10 15:51:40.311277+00
404	11	2	2020-01-10 15:46:28.366091+00	2020-01-10 15:51:40.311277+00
405	11	6	2020-01-10 15:46:28.374199+00	2020-01-10 15:51:40.311277+00
406	11	1	2020-01-10 15:46:28.381788+00	2020-01-10 15:51:40.311277+00
407	11	5	2020-01-10 15:46:28.392171+00	2020-01-10 15:51:40.311277+00
408	12	2	2020-01-10 15:46:28.40628+00	2020-01-10 15:51:40.311277+00
409	12	6	2020-01-10 15:46:28.416761+00	2020-01-10 15:51:40.311277+00
410	12	1	2020-01-10 15:46:28.425181+00	2020-01-10 15:51:40.311277+00
411	12	5	2020-01-10 15:46:28.435439+00	2020-01-10 15:51:40.311277+00
412	13	2	2020-01-10 15:46:28.445421+00	2020-01-10 15:51:40.311277+00
413	13	6	2020-01-10 15:46:28.458853+00	2020-01-10 15:51:40.311277+00
414	13	1	2020-01-10 15:46:28.464677+00	2020-01-10 15:51:40.311277+00
415	13	5	2020-01-10 15:46:28.479009+00	2020-01-10 15:51:40.311277+00
416	15	2	2020-01-10 15:46:28.497088+00	2020-01-10 15:51:40.311277+00
417	15	6	2020-01-10 15:46:28.505264+00	2020-01-10 15:51:40.311277+00
418	15	1	2020-01-10 15:46:28.519502+00	2020-01-10 15:51:40.311277+00
419	15	5	2020-01-10 15:46:28.532894+00	2020-01-10 15:51:40.311277+00
420	16	2	2020-01-10 15:46:28.55349+00	2020-01-10 15:51:40.311277+00
421	16	6	2020-01-10 15:46:28.580644+00	2020-01-10 15:51:40.311277+00
422	16	1	2020-01-10 15:46:28.600863+00	2020-01-10 15:51:40.311277+00
423	16	5	2020-01-10 15:46:28.637781+00	2020-01-10 15:51:40.311277+00
424	3	8	2020-01-10 15:46:58.238002+00	2020-01-10 15:51:40.311277+00
425	1	8	2020-01-10 15:46:58.244016+00	2020-01-10 15:51:40.311277+00
426	4	8	2020-01-10 15:46:58.250803+00	2020-01-10 15:51:40.311277+00
427	8	8	2020-01-10 15:46:58.261717+00	2020-01-10 15:51:40.311277+00
428	9	8	2020-01-10 15:46:58.270304+00	2020-01-10 15:51:40.311277+00
429	11	8	2020-01-10 15:46:58.279171+00	2020-01-10 15:51:40.311277+00
430	12	8	2020-01-10 15:46:58.287538+00	2020-01-10 15:51:40.311277+00
431	13	8	2020-01-10 15:46:58.293991+00	2020-01-10 15:51:40.311277+00
432	15	8	2020-01-10 15:46:58.302402+00	2020-01-10 15:51:40.311277+00
433	16	8	2020-01-10 15:46:58.30912+00	2020-01-10 15:51:40.311277+00
434	17	8	2020-01-10 15:46:58.315596+00	2020-01-10 15:51:40.311277+00
435	6	7	2020-01-10 15:47:04.850689+00	2020-01-10 15:51:40.311277+00
436	1	8	2020-01-10 15:48:45.896579+00	2020-01-10 15:51:40.311277+00
437	2	6	2020-01-10 15:48:45.903077+00	2020-01-10 15:51:40.311277+00
438	2	1	2020-01-10 15:48:45.913842+00	2020-01-10 15:51:40.311277+00
439	2	8	2020-01-10 15:48:45.920874+00	2020-01-10 15:51:40.311277+00
440	2	5	2020-01-10 15:48:45.930781+00	2020-01-10 15:51:40.311277+00
441	3	8	2020-01-10 15:48:45.950702+00	2020-01-10 15:51:40.311277+00
442	6	8	2020-01-10 15:48:45.956782+00	2020-01-10 15:51:40.311277+00
443	1	8	2020-01-10 15:51:02.711994+00	2020-01-10 15:51:40.311277+00
444	3	8	2020-01-10 15:51:02.720016+00	2020-01-10 15:51:40.311277+00
445	19	4	2020-01-10 16:29:22.759406+00	2020-01-10 16:32:59.273565+00
446	19	8	2020-01-10 16:29:46.972207+00	2020-01-10 16:32:59.273565+00
447	3	13	2020-01-10 16:29:51.420412+00	2020-01-10 16:32:59.273565+00
448	3	18	2020-01-10 16:30:19.307041+00	2020-01-10 16:32:59.273565+00
449	28	23	2020-01-10 16:30:21.58559+00	2020-01-10 16:32:59.273565+00
450	21	28	2020-01-10 16:30:36.394075+00	2020-01-10 16:32:59.273565+00
451	28	3	2020-01-10 16:30:54.401282+00	2020-01-10 16:32:59.273565+00
452	21	7	2020-01-10 16:30:55.391381+00	2020-01-10 16:32:59.273565+00
453	25	12	2020-01-10 16:31:15.801464+00	2020-01-10 16:32:59.273565+00
454	23	17	2020-01-10 16:31:34.681963+00	2020-01-10 16:32:59.273565+00
455	25	22	2020-01-10 16:31:39.818311+00	2020-01-10 16:32:59.273565+00
456	23	27	2020-01-10 16:31:48.897256+00	2020-01-10 16:32:59.273565+00
457	24	11	2020-01-10 16:31:59.047359+00	2020-01-10 16:32:59.273565+00
458	24	16	2020-01-10 16:32:06.604376+00	2020-01-10 16:32:59.273565+00
459	25	21	2020-01-10 16:32:06.646025+00	2020-01-10 16:32:59.273565+00
460	23	26	2020-01-10 16:32:19.168441+00	2020-01-10 16:32:59.273565+00
461	24	2	2020-01-10 16:32:26.770032+00	2020-01-10 16:32:59.273565+00
462	15	24	2020-01-10 16:32:36.469244+00	2020-01-10 16:32:59.273565+00
463	15	6	2020-01-10 16:32:36.4754+00	2020-01-10 16:32:59.273565+00
464	24	10	2020-01-10 16:32:38.103299+00	2020-01-10 16:32:59.273565+00
465	15	15	2020-01-10 16:32:41.513688+00	2020-01-10 16:32:59.273565+00
466	15	20	2020-01-10 16:32:51.567197+00	2020-01-10 16:32:59.273565+00
467	8	25	2020-01-10 16:32:58.847343+00	2020-01-10 16:32:59.273565+00
468	2	4	2020-01-10 16:34:27.480069+00	2020-01-10 16:35:21.498903+00
469	2	8	2020-01-10 16:34:43.917423+00	2020-01-10 16:35:21.498903+00
470	22	13	2020-01-10 16:35:11.521573+00	2020-01-10 16:35:21.498903+00
471	17	4	2020-01-10 16:36:15.125132+00	2020-01-10 16:38:38.103846+00
472	17	8	2020-01-10 16:37:00.209401+00	2020-01-10 16:38:38.103846+00
473	6	4	2020-01-10 16:39:30.519313+00	2020-01-10 16:40:58.771322+00
474	10	8	2020-01-10 16:40:11.000696+00	2020-01-10 16:40:58.771322+00
475	6	13	2020-01-10 16:40:17.974261+00	2020-01-10 16:40:58.771322+00
476	9	18	2020-01-10 16:40:46.752093+00	2020-01-10 16:40:58.771322+00
477	21	4	2020-01-11 13:21:18.437284+00	2020-01-11 13:21:20.892178+00
478	5	4	2020-01-11 13:22:10.561732+00	2020-01-11 13:22:17.787251+00
479	7	4	2020-01-11 13:25:26.060816+00	2020-01-11 13:25:26.794945+00
480	23	4	2020-01-11 13:39:43.732382+00	2020-01-11 13:45:18.415944+00
481	23	8	2020-01-11 13:40:13.230441+00	2020-01-11 13:45:18.415944+00
482	31	13	2020-01-11 13:40:32.631419+00	2020-01-11 13:45:18.415944+00
483	12	18	2020-01-11 13:41:12.859446+00	2020-01-11 13:45:18.415944+00
484	31	23	2020-01-11 13:41:54.305371+00	2020-01-11 13:45:18.415944+00
485	25	28	2020-01-11 13:42:06.832066+00	2020-01-11 13:45:18.415944+00
486	12	3	2020-01-11 13:42:19.032083+00	2020-01-11 13:45:18.415944+00
487	5	7	2020-01-11 13:42:35.288611+00	2020-01-11 13:45:18.415944+00
488	25	12	2020-01-11 13:43:21.700215+00	2020-01-11 13:45:18.415944+00
489	2	17	2020-01-11 13:43:28.534944+00	2020-01-11 13:45:18.415944+00
490	5	22	2020-01-11 13:43:39.89171+00	2020-01-11 13:45:18.415944+00
491	2	27	2020-01-11 13:43:51.31668+00	2020-01-11 13:45:18.415944+00
492	18	24	2020-01-11 13:44:00.70871+00	2020-01-11 13:45:18.415944+00
493	18	11	2020-01-11 13:44:00.71535+00	2020-01-11 13:45:18.415944+00
494	18	4	2020-01-11 13:44:24.684254+00	2020-01-11 13:45:18.415944+00
495	2	18	2020-01-11 13:44:48.204881+00	2020-01-11 13:45:18.415944+00
496	32	23	2020-01-11 13:44:58.049318+00	2020-01-11 13:45:18.415944+00
626	5	12	2020-01-11 14:26:10.463587+00	2020-01-11 14:47:16.516661+00
632	11	12	2020-01-11 14:29:31.523836+00	2020-01-11 14:47:16.516661+00
638	14	12	2020-01-11 14:32:03.180618+00	2020-01-11 14:47:16.516661+00
644	28	2	2020-01-11 14:34:17.597003+00	2020-01-11 14:47:16.516661+00
649	28	6	2020-01-11 14:35:36.783117+00	2020-01-11 14:47:16.516661+00
654	12	3	2020-01-11 14:37:59.158322+00	2020-01-11 14:47:16.516661+00
659	29	1	2020-01-11 14:39:05.777837+00	2020-01-11 14:47:16.516661+00
664	16	16	2020-01-11 14:40:23.590137+00	2020-01-11 14:47:16.516661+00
497	14	4	2020-01-11 13:45:31.094748+00	2020-01-11 14:23:58.871264+00
498	4	8	2020-01-11 13:45:54.942483+00	2020-01-11 14:23:58.871264+00
499	14	13	2020-01-11 13:46:14.860448+00	2020-01-11 14:23:58.871264+00
500	22	18	2020-01-11 13:46:17.625832+00	2020-01-11 14:23:58.871264+00
501	9	23	2020-01-11 13:46:51.982072+00	2020-01-11 14:23:58.871264+00
502	22	28	2020-01-11 13:47:01.31191+00	2020-01-11 14:23:58.871264+00
503	4	3	2020-01-11 13:47:01.764621+00	2020-01-11 14:23:58.871264+00
504	9	7	2020-01-11 13:47:38.279582+00	2020-01-11 14:23:58.871264+00
505	18	12	2020-01-11 13:47:51.192104+00	2020-01-11 14:23:58.871264+00
506	8	4	2020-01-11 13:48:33.16822+00	2020-01-11 14:23:58.871264+00
507	18	17	2020-01-11 13:48:47.434336+00	2020-01-11 14:23:58.871264+00
508	3	28	2020-01-11 13:49:03.381371+00	2020-01-11 14:23:58.871264+00
509	8	18	2020-01-11 13:49:28.158734+00	2020-01-11 14:23:58.871264+00
669	13	12	2020-01-11 14:41:23.881676+00	2020-01-11 14:47:16.516661+00
674	17	1	2020-01-11 14:42:32.12686+00	2020-01-11 14:47:16.516661+00
679	22	26	2020-01-11 14:44:14.197075+00	2020-01-11 14:47:16.516661+00
684	26	1	2020-01-11 14:45:57.150246+00	2020-01-11 14:47:16.516661+00
689	22	23	2020-01-11 14:46:41.31479+00	2020-01-11 14:47:16.516661+00
693	29	15	2020-01-11 14:47:29.556763+00	2020-01-11 14:56:16.730296+00
698	23	27	2020-01-11 14:48:35.96918+00	2020-01-11 14:56:16.730296+00
703	32	22	2020-01-11 14:50:19.423695+00	2020-01-11 14:56:16.730296+00
708	5	15	2020-01-11 14:51:34.648726+00	2020-01-11 14:56:16.730296+00
713	25	2	2020-01-11 14:52:59.987104+00	2020-01-11 14:56:16.730296+00
718	13	4	2020-01-11 14:53:24.1754+00	2020-01-11 14:56:16.730296+00
723	9	18	2020-01-11 14:55:04.482977+00	2020-01-11 14:56:16.730296+00
732	16	3	2020-01-11 15:00:52.14057+00	2020-01-11 15:10:03.037851+00
737	10	12	2020-01-11 15:03:32.488965+00	2020-01-11 15:10:03.037851+00
510	29	8	2020-01-11 13:49:58.188508+00	2020-01-11 14:23:58.871264+00
511	3	3	2020-01-11 13:50:21.300408+00	2020-01-11 14:23:58.871264+00
512	7	22	2020-01-11 13:50:55.738806+00	2020-01-11 14:23:58.871264+00
513	29	27	2020-01-11 13:51:15.676859+00	2020-01-11 14:23:58.871264+00
514	1	4	2020-01-11 13:51:52.877519+00	2020-01-11 14:23:58.871264+00
515	16	18	2020-01-11 13:52:42.13555+00	2020-01-11 14:23:58.871264+00
516	1	23	2020-01-11 13:52:43.533291+00	2020-01-11 14:23:58.871264+00
517	5	3	2020-01-11 13:53:34.649375+00	2020-01-11 14:23:58.871264+00
518	16	12	2020-01-11 13:54:02.786209+00	2020-01-11 14:23:58.871264+00
519	24	17	2020-01-11 13:54:15.039048+00	2020-01-11 14:23:58.871264+00
520	24	3	2020-01-11 13:54:50.756607+00	2020-01-11 14:23:58.871264+00
521	19	7	2020-01-11 13:54:55.645988+00	2020-01-11 14:23:58.871264+00
522	25	4	2020-01-11 13:55:37.748193+00	2020-01-11 14:23:58.871264+00
523	19	22	2020-01-11 13:55:47.670072+00	2020-01-11 14:23:58.871264+00
524	25	23	2020-01-11 13:56:14.615569+00	2020-01-11 14:23:58.871264+00
525	11	8	2020-01-11 13:56:25.458475+00	2020-01-11 14:23:58.871264+00
526	19	27	2020-01-11 13:56:42.203281+00	2020-01-11 14:23:58.871264+00
527	17	11	2020-01-11 13:57:15.539569+00	2020-01-11 14:23:58.871264+00
528	11	16	2020-01-11 13:57:32.375581+00	2020-01-11 14:23:58.871264+00
529	9	17	2020-01-11 13:58:07.79383+00	2020-01-11 14:23:58.871264+00
530	17	21	2020-01-11 13:58:09.746611+00	2020-01-11 14:23:58.871264+00
531	9	26	2020-01-11 13:58:22.929943+00	2020-01-11 14:23:58.871264+00
532	22	24	2020-01-11 13:58:47.181311+00	2020-01-11 14:23:58.871264+00
533	22	2	2020-01-11 13:58:47.187701+00	2020-01-11 14:23:58.871264+00
534	22	6	2020-01-11 13:59:02.342274+00	2020-01-11 14:23:58.871264+00
535	17	10	2020-01-11 13:59:09.065669+00	2020-01-11 14:23:58.871264+00
536	9	3	2020-01-11 13:59:15.970789+00	2020-01-11 14:23:58.871264+00
537	27	7	2020-01-11 13:59:34.080204+00	2020-01-11 14:23:58.871264+00
538	17	15	2020-01-11 13:59:35.537458+00	2020-01-11 14:23:58.871264+00
539	27	22	2020-01-11 14:00:05.528893+00	2020-01-11 14:23:58.871264+00
540	13	16	2020-01-11 14:00:31.333849+00	2020-01-11 14:23:58.871264+00
541	13	8	2020-01-11 14:00:57.864913+00	2020-01-11 14:23:58.871264+00
542	32	23	2020-01-11 14:01:18.932984+00	2020-01-11 14:23:58.871264+00
543	32	23	2020-01-11 14:01:59.275052+00	2020-01-11 14:23:58.871264+00
544	23	28	2020-01-11 14:02:07.799974+00	2020-01-11 14:23:58.871264+00
545	5	4	2020-01-11 14:03:00.016647+00	2020-01-11 14:23:58.871264+00
546	23	22	2020-01-11 14:03:24.715597+00	2020-01-11 14:23:58.871264+00
547	12	16	2020-01-11 14:03:54.553878+00	2020-01-11 14:23:58.871264+00
548	5	21	2020-01-11 14:04:04.305767+00	2020-01-11 14:23:58.871264+00
549	10	18	2020-01-11 14:04:24.941489+00	2020-01-11 14:23:58.871264+00
550	5	16	2020-01-11 14:04:54.69376+00	2020-01-11 14:23:58.871264+00
551	24	2	2020-01-11 14:05:03.007038+00	2020-01-11 14:23:58.871264+00
552	24	22	2020-01-11 14:05:15.640893+00	2020-01-11 14:23:58.871264+00
553	28	6	2020-01-11 14:05:24.647823+00	2020-01-11 14:23:58.871264+00
554	28	15	2020-01-11 14:05:33.466045+00	2020-01-11 14:23:58.871264+00
555	10	10	2020-01-11 14:05:46.856913+00	2020-01-11 14:23:58.871264+00
556	7	20	2020-01-11 14:06:11.75192+00	2020-01-11 14:23:58.871264+00
557	10	25	2020-01-11 14:06:14.599399+00	2020-01-11 14:23:58.871264+00
558	28	1	2020-01-11 14:06:16.347398+00	2020-01-11 14:23:58.871264+00
559	28	23	2020-01-11 14:06:37.771663+00	2020-01-11 14:23:58.871264+00
560	7	17	2020-01-11 14:06:44.503832+00	2020-01-11 14:23:58.871264+00
561	31	11	2020-01-11 14:06:56.729432+00	2020-01-11 14:23:58.871264+00
562	31	5	2020-01-11 14:07:05.541832+00	2020-01-11 14:23:58.871264+00
563	31	9	2020-01-11 14:07:14.337094+00	2020-01-11 14:23:58.871264+00
564	31	14	2020-01-11 14:07:23.162313+00	2020-01-11 14:23:58.871264+00
565	20	19	2020-01-11 14:07:25.263303+00	2020-01-11 14:23:58.871264+00
566	20	4	2020-01-11 14:07:46.051158+00	2020-01-11 14:23:58.871264+00
567	31	4	2020-01-11 14:07:46.059307+00	2020-01-11 14:23:58.871264+00
568	18	18	2020-01-11 14:09:08.370685+00	2020-01-11 14:23:58.871264+00
569	15	18	2020-01-11 14:09:08.377339+00	2020-01-11 14:23:58.871264+00
570	7	18	2020-01-11 14:09:08.383534+00	2020-01-11 14:23:58.871264+00
571	20	18	2020-01-11 14:09:08.389143+00	2020-01-11 14:23:58.871264+00
572	15	25	2020-01-11 14:09:09.358598+00	2020-01-11 14:23:58.871264+00
573	6	1	2020-01-11 14:09:23.252305+00	2020-01-11 14:23:58.871264+00
574	2	6	2020-01-11 14:10:31.155985+00	2020-01-11 14:23:58.871264+00
575	6	18	2020-01-11 14:10:50.119237+00	2020-01-11 14:23:58.871264+00
576	18	18	2020-01-11 14:10:50.12669+00	2020-01-11 14:23:58.871264+00
577	15	18	2020-01-11 14:10:50.138657+00	2020-01-11 14:23:58.871264+00
578	2	20	2020-01-11 14:10:51.294083+00	2020-01-11 14:23:58.871264+00
579	18	4	2020-01-11 14:10:59.878849+00	2020-01-11 14:23:58.871264+00
580	15	4	2020-01-11 14:10:59.885047+00	2020-01-11 14:23:58.871264+00
581	21	11	2020-01-11 14:11:13.385502+00	2020-01-11 14:23:58.871264+00
582	2	18	2020-01-11 14:11:20.350369+00	2020-01-11 14:23:58.871264+00
583	4	18	2020-01-11 14:12:21.08291+00	2020-01-11 14:23:58.871264+00
584	21	18	2020-01-11 14:12:21.088949+00	2020-01-11 14:23:58.871264+00
585	12	18	2020-01-11 14:12:21.095381+00	2020-01-11 14:23:58.871264+00
586	12	18	2020-01-11 14:12:31.297537+00	2020-01-11 14:23:58.871264+00
587	4	1	2020-01-11 14:12:52.247211+00	2020-01-11 14:23:58.871264+00
588	4	22	2020-01-11 14:13:19.953512+00	2020-01-11 14:23:58.871264+00
589	14	18	2020-01-11 14:13:43.390472+00	2020-01-11 14:23:58.871264+00
590	17	18	2020-01-11 14:13:43.397854+00	2020-01-11 14:23:58.871264+00
591	17	4	2020-01-11 14:14:22.867611+00	2020-01-11 14:23:58.871264+00
592	26	11	2020-01-11 14:14:30.197505+00	2020-01-11 14:23:58.871264+00
593	26	18	2020-01-11 14:16:07.531765+00	2020-01-11 14:23:58.871264+00
594	26	1	2020-01-11 14:16:31.171012+00	2020-01-11 14:23:58.871264+00
595	2	19	2020-01-11 14:24:11.802873+00	2020-01-11 14:24:52.210778+00
596	2	3	2020-01-11 14:24:11.80845+00	2020-01-11 14:24:52.210778+00
597	2	5	2020-01-11 14:24:11.821441+00	2020-01-11 14:24:52.210778+00
598	2	28	2020-01-11 14:24:11.827086+00	2020-01-11 14:24:52.210778+00
599	2	1	2020-01-11 14:24:11.833826+00	2020-01-11 14:24:52.210778+00
600	2	14	2020-01-11 14:24:11.839587+00	2020-01-11 14:24:52.210778+00
601	2	7	2020-01-11 14:24:11.844852+00	2020-01-11 14:24:52.210778+00
602	2	12	2020-01-11 14:24:11.850774+00	2020-01-11 14:24:52.210778+00
603	2	24	2020-01-11 14:24:11.856592+00	2020-01-11 14:24:52.210778+00
604	2	9	2020-01-11 14:24:11.862861+00	2020-01-11 14:24:52.210778+00
605	2	15	2020-01-11 14:24:11.871091+00	2020-01-11 14:24:52.210778+00
606	2	11	2020-01-11 14:24:11.903924+00	2020-01-11 14:24:52.210778+00
607	2	6	2020-01-11 14:24:11.911954+00	2020-01-11 14:24:52.210778+00
608	2	22	2020-01-11 14:24:11.92032+00	2020-01-11 14:24:52.210778+00
609	2	25	2020-01-11 14:24:11.926713+00	2020-01-11 14:24:52.210778+00
610	2	26	2020-01-11 14:24:11.950159+00	2020-01-11 14:24:52.210778+00
611	2	2	2020-01-11 14:24:11.956948+00	2020-01-11 14:24:52.210778+00
612	2	8	2020-01-11 14:24:11.964706+00	2020-01-11 14:24:52.210778+00
613	2	23	2020-01-11 14:24:11.986464+00	2020-01-11 14:24:52.210778+00
614	2	20	2020-01-11 14:24:11.993414+00	2020-01-11 14:24:52.210778+00
615	2	27	2020-01-11 14:24:12.006331+00	2020-01-11 14:24:52.210778+00
627	5	22	2020-01-11 14:26:38.884083+00	2020-01-11 14:47:16.516661+00
633	21	15	2020-01-11 14:29:33.158434+00	2020-01-11 14:47:16.516661+00
639	26	1	2020-01-11 14:32:20.128768+00	2020-01-11 14:47:16.516661+00
645	28	1	2020-01-11 14:34:35.343239+00	2020-01-11 14:47:16.516661+00
650	4	12	2020-01-11 14:36:24.537614+00	2020-01-11 14:47:16.516661+00
655	23	1	2020-01-11 14:38:08.442904+00	2020-01-11 14:47:16.516661+00
660	29	26	2020-01-11 14:39:05.786172+00	2020-01-11 14:47:16.516661+00
665	2	4	2020-01-11 14:40:26.216201+00	2020-01-11 14:47:16.516661+00
670	17	5	2020-01-11 14:41:27.317964+00	2020-01-11 14:47:16.516661+00
675	17	17	2020-01-11 14:42:43.566428+00	2020-01-11 14:47:16.516661+00
680	26	26	2020-01-11 14:45:06.349537+00	2020-01-11 14:47:16.516661+00
685	26	12	2020-01-11 14:46:13.642438+00	2020-01-11 14:47:16.516661+00
690	2	3	2020-01-11 14:46:44.457106+00	2020-01-11 14:47:16.516661+00
694	23	1	2020-01-11 14:48:03.895866+00	2020-01-11 14:56:16.730296+00
699	26	17	2020-01-11 14:49:03.239638+00	2020-01-11 14:56:16.730296+00
704	26	28	2020-01-11 14:50:20.479923+00	2020-01-11 14:56:16.730296+00
709	25	27	2020-01-11 14:51:56.226901+00	2020-01-11 14:56:16.730296+00
714	13	10	2020-01-11 14:53:07.338564+00	2020-01-11 14:56:16.730296+00
719	21	1	2020-01-11 14:53:43.871599+00	2020-01-11 14:56:16.730296+00
724	9	1	2020-01-11 14:55:04.490216+00	2020-01-11 14:56:16.730296+00
729	1	6	2020-01-11 14:56:13.765637+00	2020-01-11 14:56:16.730296+00
733	31	12	2020-01-11 15:01:28.100462+00	2020-01-11 15:10:03.037851+00
738	12	4	2020-01-11 15:03:40.159446+00	2020-01-11 15:10:03.037851+00
743	31	22	2020-01-11 15:06:49.19686+00	2020-01-11 15:10:03.037851+00
748	32	2	2020-01-11 15:08:40.347972+00	2020-01-11 15:10:03.037851+00
753	27	17	2020-01-11 15:09:38.764266+00	2020-01-11 15:10:03.037851+00
616	2	18	2020-01-11 14:24:12.011721+00	2020-01-11 14:24:52.210778+00
617	2	13	2020-01-11 14:24:12.01796+00	2020-01-11 14:24:52.210778+00
618	2	16	2020-01-11 14:24:12.027283+00	2020-01-11 14:24:52.210778+00
619	2	4	2020-01-11 14:24:12.034023+00	2020-01-11 14:24:52.210778+00
620	2	10	2020-01-11 14:24:12.048641+00	2020-01-11 14:24:52.210778+00
621	2	21	2020-01-11 14:24:12.055585+00	2020-01-11 14:24:52.210778+00
622	2	17	2020-01-11 14:24:12.060972+00	2020-01-11 14:24:52.210778+00
628	7	16	2020-01-11 14:26:59.509697+00	2020-01-11 14:47:16.516661+00
634	5	22	2020-01-11 14:29:51.758251+00	2020-01-11 14:47:16.516661+00
640	24	2	2020-01-11 14:32:27.724593+00	2020-01-11 14:47:16.516661+00
646	31	12	2020-01-11 14:34:41.809931+00	2020-01-11 14:47:16.516661+00
651	25	17	2020-01-11 14:36:53.442666+00	2020-01-11 14:47:16.516661+00
656	23	15	2020-01-11 14:38:24.876896+00	2020-01-11 14:47:16.516661+00
661	29	15	2020-01-11 14:39:41.364514+00	2020-01-11 14:47:16.516661+00
666	2	19	2020-01-11 14:40:26.222981+00	2020-01-11 14:47:16.516661+00
671	17	9	2020-01-11 14:41:27.325031+00	2020-01-11 14:47:16.516661+00
676	1	11	2020-01-11 14:42:45.084394+00	2020-01-11 14:47:16.516661+00
681	26	15	2020-01-11 14:45:06.355516+00	2020-01-11 14:47:16.516661+00
686	22	20	2020-01-11 14:46:22.356354+00	2020-01-11 14:47:16.516661+00
691	6	3	2020-01-11 14:47:16.237899+00	2020-01-11 14:47:16.516661+00
726	2	4	2020-01-11 14:55:24.827169+00	2020-01-11 14:56:16.730296+00
728	1	24	2020-01-11 14:56:13.759269+00	2020-01-11 14:56:16.730296+00
695	23	25	2020-01-11 14:48:03.903082+00	2020-01-11 14:56:16.730296+00
700	19	21	2020-01-11 14:49:36.594296+00	2020-01-11 14:56:16.730296+00
705	3	16	2020-01-11 14:50:55.217059+00	2020-01-11 14:56:16.730296+00
710	25	25	2020-01-11 14:51:56.244275+00	2020-01-11 14:56:16.730296+00
715	13	19	2020-01-11 14:53:07.344785+00	2020-01-11 14:56:16.730296+00
720	21	5	2020-01-11 14:53:55.397453+00	2020-01-11 14:56:16.730296+00
725	6	2	2020-01-11 14:55:15.92931+00	2020-01-11 14:56:16.730296+00
734	17	16	2020-01-11 15:02:06.555209+00	2020-01-11 15:10:03.037851+00
739	3	22	2020-01-11 15:04:33.991466+00	2020-01-11 15:10:03.037851+00
744	31	12	2020-01-11 15:07:19.05558+00	2020-01-11 15:10:03.037851+00
749	26	15	2020-01-11 15:09:01.741827+00	2020-01-11 15:10:03.037851+00
754	26	21	2020-01-11 15:09:59.130116+00	2020-01-11 15:10:03.037851+00
\.


--
-- Data for Name: sensor; Type: TABLE DATA; Schema: public; Owner: postgres
--

COPY public.sensor (id, label, lat, lon) FROM stdin;
8	Croix Luizet	45.783644	4.883100
9	Rsidence B - INSA Lyon	45.784680	4.883872
10	IUT Feyssine	45.786838	4.881952
14	Rue du Canada	45.782211	4.880744
18	Muse des Tissus et des Arts Dcoratifs	45.753099	4.831696
19	Lyce Priv d'Enseignement Gnral Saint Marc	45.755182	4.828762
20	Agence TCL - Bellecour	45.758515	4.831971
21	Pont de la Guillotire	45.756785	4.838574
22	Grand Htel-Dieu	45.759469	4.837547
23	Pont Lafayette	45.763556	4.839665
24	Cours Franklin Roosevelt	45.768845	4.845435
25	Arrt Mtro - Croix-Rousse	45.774374	4.831850
26	Lyce professionnel priv de coiffure de Lyon	45.776305	4.827365
27	Quai Saint-Vincent	45.770394	4.814135
28	glise Saint-Augustin de Lyon	45.776178	4.824507
29	Parc de la Tte d'Or - Entre Sud	45.772597	4.856601
31	Parc de la Tte d'Or - Entre Est	45.779609	4.859535
32	Cours Emile Zola	45.771018	4.868735
17	CPE Lyon	45.783711	4.869141
4	BU Sciences La Doua	45.782535	4.871208
3	La Doua - Gaston Berger	45.781265	4.872287
16	Quai 43	45.780298	4.871898
5	La Rotonde (INSA de Lyon)	45.784245	4.874171
2	Bibliothque Marie Curie	45.782128	4.876918
1	INSA de Lyon	45.782727	4.879268
7	Insa - Einstein	45.781111	4.875996
15	CNRS Dlgation Rhne Auvergne	45.779532	4.874912
6	Restaurant Universitaire de Jussieux	45.779704	4.877015
13	Place de Croix Luizet	45.780692	4.883774
11	Dpartement Gnie Civil - IUT Lyon 1	45.787326	4.883145
12	Ncropole Nationale de la Doua	45.784413	4.887061
\.


--
-- Data for Name: station; Type: TABLE DATA; Schema: public; Owner: postgres
--

COPY public.station (id, lat, lon) FROM stdin;
1	45.762721	4.843915
2	45.778933	4.878044
3	45.765261	4.905551
4	45.749866	4.848206
5	45.746807	4.825719
6	45.731700	4.828598
\.


--
-- Data for Name: truck; Type: TABLE DATA; Schema: public; Owner: postgres
--

COPY public.truck (id, station_id, capacity) FROM stdin;
1	1	1
2	1	2
3	2	4
4	3	5
5	4	1
6	5	2
7	5	4
8	6	5
9	4	1
10	3	2
11	5	3
12	2	4
13	4	5
14	6	1
15	1	2
16	2	3
17	5	4
18	4	5
19	3	1
20	6	2
21	5	3
22	2	4
23	6	5
24	3	1
25	4	2
26	1	3
27	4	4
28	5	5
\.


--
-- Name: intervention_id_seq; Type: SEQUENCE SET; Schema: public; Owner: postgres
--

SELECT pg_catalog.setval('public.intervention_id_seq', 754, true);


--
-- Name: sensor_id_seq; Type: SEQUENCE SET; Schema: public; Owner: postgres
--

SELECT pg_catalog.setval('public.sensor_id_seq', 32, true);


--
-- Name: station_id_seq; Type: SEQUENCE SET; Schema: public; Owner: postgres
--

SELECT pg_catalog.setval('public.station_id_seq', 6, true);


--
-- Name: truck_id_seq; Type: SEQUENCE SET; Schema: public; Owner: postgres
--

SELECT pg_catalog.setval('public.truck_id_seq', 28, true);


--
-- Name: intervention intervention_pk; Type: CONSTRAINT; Schema: public; Owner: postgres
--

ALTER TABLE ONLY public.intervention
    ADD CONSTRAINT intervention_pk PRIMARY KEY (id);


--
-- Name: intervention intervention_uq_start; Type: CONSTRAINT; Schema: public; Owner: postgres
--

ALTER TABLE ONLY public.intervention
    ADD CONSTRAINT intervention_uq_start UNIQUE (truck_id, beginning);


--
-- Name: sensor sensor_pk; Type: CONSTRAINT; Schema: public; Owner: postgres
--

ALTER TABLE ONLY public.sensor
    ADD CONSTRAINT sensor_pk PRIMARY KEY (id);


--
-- Name: sensor sensor_uq_geo; Type: CONSTRAINT; Schema: public; Owner: postgres
--

ALTER TABLE ONLY public.sensor
    ADD CONSTRAINT sensor_uq_geo UNIQUE (lat, lon);


--
-- Name: sensor sensor_uq_label; Type: CONSTRAINT; Schema: public; Owner: postgres
--

ALTER TABLE ONLY public.sensor
    ADD CONSTRAINT sensor_uq_label UNIQUE (label);


--
-- Name: station station_pk; Type: CONSTRAINT; Schema: public; Owner: postgres
--

ALTER TABLE ONLY public.station
    ADD CONSTRAINT station_pk PRIMARY KEY (id);


--
-- Name: station station_uq_geo; Type: CONSTRAINT; Schema: public; Owner: postgres
--

ALTER TABLE ONLY public.station
    ADD CONSTRAINT station_uq_geo UNIQUE (lat, lon);


--
-- Name: truck truck_pk; Type: CONSTRAINT; Schema: public; Owner: postgres
--

ALTER TABLE ONLY public.truck
    ADD CONSTRAINT truck_pk PRIMARY KEY (id);


--
-- Name: idx_intervention_sensor; Type: INDEX; Schema: public; Owner: postgres
--

CREATE INDEX idx_intervention_sensor ON public.intervention USING btree (sensor_id);


--
-- Name: idx_intervention_truck; Type: INDEX; Schema: public; Owner: postgres
--

CREATE INDEX idx_intervention_truck ON public.intervention USING btree (truck_id);


--
-- Name: idx_truck_station; Type: INDEX; Schema: public; Owner: postgres
--

CREATE INDEX idx_truck_station ON public.truck USING btree (station_id);


--
-- Name: intervention intervention_sensor_fk; Type: FK CONSTRAINT; Schema: public; Owner: postgres
--

ALTER TABLE ONLY public.intervention
    ADD CONSTRAINT intervention_sensor_fk FOREIGN KEY (sensor_id) REFERENCES public.sensor(id);


--
-- Name: intervention intervention_truck_fk; Type: FK CONSTRAINT; Schema: public; Owner: postgres
--

ALTER TABLE ONLY public.intervention
    ADD CONSTRAINT intervention_truck_fk FOREIGN KEY (truck_id) REFERENCES public.truck(id);


--
-- Name: truck truck_station_fk; Type: FK CONSTRAINT; Schema: public; Owner: postgres
--

ALTER TABLE ONLY public.truck
    ADD CONSTRAINT truck_station_fk FOREIGN KEY (station_id) REFERENCES public.station(id);


--
-- PostgreSQL database dump complete
--

